Length,Elapsed Time,L1 Cache miss,L2 Cache miss,Num of instructions
2048,1.0099999905,1117,80,4746907
2176,1.0830000639,2101,83,5106764
2304,0.6590000391,1272,75,5458016
2432,0.8850000501,1363,72,5809578
2560,0.9710000753,1318,62,6155170
2688,0.7980000377,1423,65,6506588
2816,0.8450000286,1322,73,6852171
2944,1.2460000515,1606,166,7197781
3072,0.9250000715,1357,90,7537513
3200,1.1520000696,1884,114,7888766
3328,1.3390001059,1653,67,8234366
3456,1.4010000229,2266,257,8580145
3584,1.3060001135,2949,77,8920272
3712,1.4260001183,2379,110,9265601
3840,1.1390000582,1871,71,9605838
3968,1.2760000229,2676,77,9945803
4096,1.5520000458,2075,137,10279480
4224,1.4900001287,2016,169,10669754
4352,1.6060000658,3123,70,11048392
4480,1.3710000515,2143,71,11427162
4608,1.4150000811,2245,78,11800015
4736,1.9110001326,3592,86,12178983
4864,1.7470000982,2322,83,12551962
4992,2.3270001411,2682,92,12925103
5120,2.2150001526,2756,543,13292302
5248,2.2350001335,3140,386,13671193
5376,1.6750000715,2553,72,14044108
5504,2.1400001049,2858,80,14417237
5632,1.9190001488,2372,73,14784462
5760,2.5280001163,4155,109,15157454
5888,1.8830001354,3494,77,15524807
6016,2.0300002098,4445,141,15892207
6144,2.4360001087,3160,74,16253609
6272,3.1240000725,4767,80,16632157
6400,2.1130001545,4423,110,17005276
6528,2.5990002155,3285,75,17378414
6656,2.8670001030,4394,76,17745626
6784,2.9980001450,4288,505,18118945
6912,2.8400001526,3783,87,18486151
7040,2.2660000324,3238,66,18853791
7168,2.3630001545,4728,72,19215402
7296,3.6370000839,4242,897,19588394
7424,2.3960001469,3487,65,19955474
7552,2.7190001011,4202,74,20323122
7680,2.6140000820,3937,187,20684852
7808,3.6330001354,3628,74,21052199
7936,2.7680001259,4177,79,21413931
8064,3.0710000992,4345,1013,21775813
8192,2.6360001564,3549,73,22131104
8320,2.8310000896,4509,80,22554779
8448,3.3880002499,4858,79,22960797
8576,3.1510002613,4764,1168,23366951
8704,3.2060000896,4780,71,23767193
8832,3.0310001373,5857,133,24173464
8960,3.5820002556,4567,82,24573763
9088,3.7070002556,5151,92,24974280
9216,3.0710000992,3853,77,25368760
9344,4.6450004578,5475,87,25774986
9472,3.9540002346,5273,1359,26175495
9600,3.3250000477,5888,101,26576380
9728,4.0180001259,8027,104,26970943
9856,4.4020004272,8879,259,27371468
9984,4.6670002937,5342,209,27766211
10112,4.7130002975,8232,675,28161118
10240,4.4430003166,5743,108,28549945
10368,3.9030001163,11330,294,28956233
10496,4.1900000572,4782,1429,29356609
10624,4.3810000420,6377,976,29757132
10752,3.8870000839,6592,218,30151680
10880,3.6510002613,4519,74,30552195
11008,5.8450002670,7699,146,30946957
11136,5.1850004196,8080,125,31341878
11264,4.5120000839,5023,899,31730684
11392,3.8420002460,5450,76,32131062
11520,4.1200003624,6741,158,32525814
11648,4.2180004120,7600,465,32920707
11776,5.5510001183,9121,270,33309691
11904,4.1090002060,7759,90,33704579
12032,4.7430000305,7379,106,34093480
12160,5.1450004578,6386,115,34482747
12288,4.2290000916,5206,101,34865773
12416,4.7970004082,6618,203,35271806
12544,5.3800001144,6697,823,35672134
12672,5.9230003357,7988,138,36072676
12800,4.6010003090,7655,242,36467412
12928,5.3260002136,7049,144,36867939
13056,5.0040001869,6868,1268,37262686
13184,5.2620000839,8649,265,37657594
13312,6.1600003242,8177,239,38046414
13440,5.7610001564,7636,138,38447119
13568,5.0620002747,7298,157,38841864
13696,7.0300002098,9099,129,39236768
13824,5.0960001945,8275,169,39625612
13952,5.9240002632,8035,319,40020499
14080,4.9920001030,7330,118,40409762
14208,5.1220002174,7978,128,40799015
14336,6.4369506836,8744,269,41182245
14464,5.5300002098,8228,191,41582634
14592,6.9740004539,24134,1877,41977377
14720,7.1640005112,7544,589,42372136
14848,5.6940002441,13297,668,42763959
14976,7.3740005493,9808,95,43158867
15104,6.6790003777,9343,1731,43548116
15232,6.0060005188,9565,631,43937689
15360,6.5460004807,7502,112,44320710
15488,5.7080001831,8757,102,44715467
15616,5.7080001831,10638,104,45104901
15744,6.9210004807,9164,186,45494176
15872,6.6640005112,8623,107,45877183
16000,5.9790000916,12210,237,46266449
16128,5.5970001221,8249,93,46650272
16256,6.3040003777,7866,80,47033903
16384,8.0880002975,9423,118,47410766
16512,6.3870000839,7962,595,47849781
16640,6.9200005531,15816,112,48310836
16768,6.4700002670,9903,644,48744394
16896,7.4710001945,12050,661,49172051
17024,7.1910004616,12675,173,49605592
17152,6.7040004730,13434,321,50033359
17280,7.1000003815,15044,338,50461284
17408,7.1840004921,11188,479,50883145
17536,7.1660003662,21072,427,51316823
17664,7.9850006104,16356,742,51744589
17792,7.9850006104,9836,553,52172503
17920,8.0040006638,10531,1099,52594427
18048,8.4699707031,11723,1823,53022339
18176,11.7860002518,19578,249,53444477
18304,7.6390004158,13661,765,53866616
18432,7.2450003624,14361,298,54282854
18560,7.3610005379,11808,304,54716456
18688,7.6350002289,15799,413,55144278
18816,7.8380002975,13650,274,55572148
18944,7.2910003662,11300,539,55994303
19072,7.4620003700,15270,331,56422233
19200,9.0670003891,13084,1777,56844376
19328,8.2309999466,17398,800,57266638
19456,7.2250003815,12498,183,57682859
19584,8.7770004272,13669,256,58110798
19712,9.4570007324,13434,2347,58532928
19840,7.3470001221,12734,177,58955203
19968,9.6360006332,12267,1437,59371586
20096,7.9740004539,13428,375,59793865
20224,7.5280003548,14379,308,60210369
20352,8.8400001526,12489,2159,60627023
20480,8.1500005722,15786,263,61037498
20608,8.5700006485,11102,132,61471138
20736,9.9120006561,10327,117,61898924
20864,7.7460002899,13362,198,62326834
20992,8.6030006409,12231,908,62748860
21120,8.1920003891,14140,591,63176761
21248,10.4660005569,11728,2053,63598917
21376,9.5760002136,12871,216,64021189
21504,8.5339355469,12442,221,64437395
21632,8.0820007324,12642,169,64865302
21760,8.9520006180,12515,158,65287455
21888,9.0630006790,15584,205,65709743
22016,8.9270000458,17645,311,66126125
22144,9.3050003052,15117,158,66548401
22272,9.0180006027,11413,106,66964921
22400,9.3410005569,14003,893,67381555
22528,9.1030006409,12240,115,67792038
22656,9.0540008545,13769,683,68219794
22784,11.0240001678,20810,751,68641942
22912,9.9530000687,24353,592,69064224
23040,10.3330001831,14495,983,69480619
23168,11.6180009842,15216,480,69902893
23296,9.7040004730,19743,331,70319394
23424,8.6090002060,15882,113,70736054
23552,10.1920003891,11881,129,71146656
23680,9.4370002747,12963,245,71568944
23808,9.2140007019,14047,676,71985453
23936,10.5130004883,22191,721,72401651
24064,10.1830005646,15121,313,72812399
24192,9.5950002670,14936,354,73229064
24320,10.1440000534,14027,2441,73639937
24448,11.1280002594,16801,2361,74050953
24576,11.9650001526,13803,2422,74455605
24704,10.0970001221,16230,370,74889011
24832,9.3050003052,13198,119,75316785
24960,12.2369384766,15884,1434,75744766
25088,9.3840007782,14833,199,76166755
25216,9.6870002747,18415,359,76594687
25344,9.3380002975,17886,130,77016827
25472,10.7120008469,16426,415,77439120
25600,11.9800004959,17044,466,77855480
25728,9.4280004501,13437,112,78283429
25856,10.8310003281,15955,2602,78705536
25984,9.7320003510,17228,257,79127825
26112,10.7060003281,16031,464,79544198
26240,11.8890008926,16427,1049,79966494
26368,12.2480001450,18786,437,80382994
26496,11.2640008926,21592,566,80799659
26624,10.7550001144,17048,614,81210096
26752,12.3460006714,14996,3368,81638192
26880,11.6680002213,14470,4303,82060333
27008,11.4340009689,29401,707,82482634
27136,11.3530006409,16335,2956,82898991
27264,12.6600008011,18460,3578,83321278
27392,10.2580003738,15237,183,83737797
27520,10.8580007553,17363,358,84154311
27648,11.4460000992,18149,2285,84564909
27776,12.1020002365,16832,3983,84987220
27904,11.3260002136,18576,2344,85403697
28032,12.7420005798,25393,2632,85820354
28160,12.3840007782,18197,393,86231247
28288,12.7380008698,24987,786,86647889
28416,10.9510002136,19449,288,87058763
28544,13.5670003891,17042,3901,87462675
28672,10.6630001068,16163,185,87874671
28800,11.6430006027,29336,871,88302414
28928,12.5770006180,16115,552,88724561
29056,11.1660003662,19275,293,89146849
29184,13.1180009842,22760,415,89563211
29312,13.3670005798,22800,428,89985371
29440,12.5370006561,23024,652,90401878
29568,11.7560005188,27386,479,90818398
29696,13.3880004883,27005,641,91228981
29824,12.9510002136,21909,4792,91651280
29952,11.7520008087,25586,366,92067786
30080,12.6120004654,18641,970,92484432
30208,13.0020008087,20191,583,92895324
30336,12.9880008698,25067,309,93312009
30464,12.7080001831,20715,409,93722857
30592,13.6500005722,17406,2595,94133890
30720,12.6190004349,19912,523,94538836
30848,11.8680009842,22397,358,94960977
30976,12.5880002975,25542,781,95377496
31104,12.6870002747,26985,673,95794144
31232,12.0460004807,20700,338,96204893
31360,12.8590002060,22294,2477,96621553
31488,13.4890003204,23588,2297,97032422
31616,14.7520008087,18750,244,97436325
31744,12.9070005417,20677,401,97848412
31872,12.8570003510,19917,2618,98265084
32000,12.1390008926,19131,217,98675950
32128,11.9900007248,17988,165,99086970
32256,12.8280010223,19833,497,99492080
32384,13.6840009689,40758,1451,99903098
32512,12.7530002594,20529,857,100308345
32640,13.4970006943,20439,3042,100713594
32768,13.8330001831,20389,2129,101112265
32896,13.3020009995,20562,908,101578688
33024,13.3830003738,26296,472,102039491
33152,13.5660009384,30615,826,102527944
33280,14.3390007019,26243,1507,103010771
33408,12.9850006104,24310,516,103464714
33536,13.8350009918,27718,763,103919936
33664,12.8030004501,30923,317,104375097
33792,13.9820003510,27599,739,104824488
33920,13.3230009079,24803,412,105285462
34048,14.4300003052,32203,1303,105740597
34176,14.5270004272,26896,796,106195793
34304,14.2490005493,29871,1723,106645304
34432,15.9970006943,27599,1161,107100613
34560,14.5640010834,36077,987,107550148
34688,14.5020008087,29620,4371,107999682
34816,15.1450004578,26743,1227,108443305
34944,14.8570003510,28777,1354,108904382
35072,17.8360004425,27109,365,109359535
35200,15.7980003357,58960,1821,109814712
35328,14.4960002899,25098,2756,110264252
35456,14.8110008240,22072,190,110719554
35584,16.0440006256,26212,432,111169123
35712,13.4460010529,22360,196,111618622
35840,14.3920011520,30536,3501,112062277
35968,15.0630006790,25862,3218,112517592
36096,15.1470003128,24979,1266,112967156
36224,15.9300003052,28974,307,113416709
36352,15.4180011749,41589,1412,113860613
36480,15.4770011902,25067,3251,114310108
36608,15.4610004425,29080,713,114754043
36736,17.4220008850,25723,409,115197959
36864,16.3720016479,23896,3914,115635951
36992,14.4940004349,27250,357,116096944
37120,16.0550003052,28086,1127,116552093
37248,15.8580007553,26109,398,117007257
37376,15.3900003433,24368,2286,117456812
37504,15.8330011368,25400,2079,117912139
37632,15.8980007172,28534,204,118361664
37760,16.4540004730,28898,2375,118811177
37888,17.5990009308,28378,538,119255076
38016,16.9210014343,27829,311,119710417
38144,16.1950016022,25515,2894,120159952
38272,16.7430000305,24339,2317,120609491
38400,16.4730014801,25480,1589,121053413
38528,16.8640003204,27196,284,121503039
38656,16.0240001678,24482,353,121946989
38784,16.8240013123,24958,190,122390882
38912,16.4330005646,24919,473,122828845
39040,16.3480014801,25806,291,123284141
39168,17.0550003052,24003,1306,123733682
39296,15.2220010757,26405,292,124183202
39424,16.1690006256,23358,225,124627111
39552,17.5260009766,33573,527,125076816
39680,17.0939998627,27844,511,125520685
39808,16.0440006256,27701,389,125964584
39936,17.4250011444,26142,1798,126402735
40064,16.8010005951,26414,6355,126852442
40192,15.5680007935,29091,317,127296313
40320,17.3080005646,25521,1203,127740273
40448,16.3780002594,35376,849,128178483
40576,17.2960014343,26876,1167,128622531
40704,19.4730014801,26492,2192,129060804
40832,16.5390014648,27249,650,129499071
40960,20.4080009460,25758,2792,129931299
41088,18.3870010376,30238,670,130392341
41216,17.5600013733,25787,349,130847539
41344,17.6979999542,30169,913,131302689
41472,19.3380012512,26204,286,131752241
41600,17.5200004578,27560,3137,132207562
41728,16.8520011902,27599,501,132657066
41856,18.2830009460,26470,668,133106615
41984,19.0810012817,38567,2338,133550396
42112,17.6130008698,25182,6802,134005713
42240,19.9020004272,114884,1053,134455232
42368,22.0550003052,29906,436,134904774
42496,16.5430011749,23442,200,135348658
42624,17.9760017395,27781,360,135798353
42752,24.5150012970,29316,384,136242285
42880,16.7720012665,27892,263,136686173
43008,19.7390003204,32615,3458,137124177
43136,19.2850017548,29916,2570,137579529
43264,18.0380001068,27716,690,138029033
43392,19.4870014191,29566,824,138478565
43520,17.8320007324,39721,487,138922472
43648,17.8810005188,37173,569,139372133
43776,20.2040004730,30920,688,139816063
43904,21.7730007172,33547,543,140259966
44032,20.0520000458,39278,1332,140698079
44160,18.4850006104,34052,1975,141147760
44288,18.0850009918,31179,525,141591651
44416,20.7530002594,31787,960,142035565
44544,19.9290008545,32703,514,142473848
44672,19.9450016022,30978,642,142917888
44800,17.9180011749,28512,211,143356164
44928,19.1290016174,30682,335,143794430
45056,18.6270008087,37231,989,144226664
45184,19.5160007477,30066,1525,144681834
45312,20.3030014038,33694,3470,145131372
45440,20.3730010986,33232,545,145580932
45568,23.0000019073,32938,694,146024829
45696,20.2890014648,52649,1642,146474497
45824,20.7190017700,32522,651,146918408
45952,18.2010002136,32329,476,147362279
46080,18.6780014038,27352,528,147800428
46208,20.7920017242,42489,1296,148250108
46336,21.4730014801,34992,3088,148694022
46464,22.2620010376,44008,1071,149137924
46592,20.2340011597,32856,5327,149576176
46720,19.1040000916,33954,488,150020221
46848,23.2100009918,33886,5768,150458512
46976,22.4190006256,47864,5755,150896778
47104,20.0190010071,33905,4221,151329133
47232,18.7260017395,32224,341,151778797
47360,21.6390018463,40866,1455,152222729
47488,19.6640014648,39042,729,152666612
47616,21.2360000610,38466,2137,153104889
47744,20.5520000458,41941,1132,153548953
47872,19.3180007935,36317,650,153986329
48000,18.8670005798,32471,494,154424627
48128,20.6900005341,35525,550,154857127
48256,19.8990001678,39667,818,155301130
48384,21.8230018616,38127,932,155739421
48512,20.3790016174,38651,4426,156177667
48640,20.8670005798,37938,644,156610337
48768,21.2240009308,36488,989,157048748
48896,21.8750019073,36284,3155,157481375
49024,22.9900016785,39686,1655,157914015
49152,20.0700016022,36307,719,158340425
49280,21.6560001373,41023,1426,158801248
49408,22.0870018005,36514,5587,159256388
49536,21.7620010376,39711,1793,159711565
49664,21.8210010529,34133,1638,160161103
49792,25.1370010376,42866,3072,160616280
49920,22.0530014038,42587,1357,161066203
50048,23.7320003510,42782,1987,161515747
50176,22.3380012512,35915,880,161959501
50304,23.8440017700,36685,2372,162414826
50432,22.3670005798,38679,798,162864338
50560,23.6180019379,32853,882,163313888
50688,19.8430004120,26928,335,163757802
50816,24.0600013733,47716,10999,164207452
50944,23.0200004578,37187,684,164651405
51072,21.9510002136,37189,707,165095271
51200,21.0520019531,36571,2742,165533404
51328,21.8990001678,31801,1659,165988717
51456,22.6070003510,32038,484,166438262
51584,22.3610019684,34821,3331,166887781
51712,24.6800003052,40530,1948,167331700
51840,24.9260005951,55582,1635,167781369
51968,24.4790019989,39464,1438,168225269
52096,22.6610012054,42757,1586,168669159
52224,23.1700019836,35344,3779,169107330
52352,24.0110015869,36995,4806,169556976
52480,21.3030014038,40175,646,170000900
52608,26.6730003357,42300,6743,170444813
52736,22.8220005035,42125,823,170883103
52864,24.0260009766,38214,3041,171327107
52992,22.8210010529,38002,633,171765389
53120,23.8580017090,36629,2358,172203656
53248,22.9860019684,42643,1073,172635895
53376,22.1730003357,41752,1161,173091376
53504,21.5790004730,37700,493,173540871
53632,24.9740009308,43514,608,173990432
53760,23.6680011749,37879,6415,174434326
53888,24.0580005646,39760,3437,174884023
54016,22.5320014954,33104,4763,175327921
54144,23.7700004578,41553,2007,175771805
54272,24.1470012665,36302,8631,176209977
54400,21.5960006714,35554,838,176659652
54528,23.1710014343,35846,627,177103534
54656,25.3010005951,36979,4261,177547477
54784,23.8910007477,40621,4914,177985726
54912,22.6730003357,38403,2759,178429647
55040,23.0760002136,36909,8289,178867907
55168,23.3980007172,41892,802,179306162
55296,23.1880016327,32442,335,179738529
55424,24.0980014801,34449,2477,180188198
55552,23.9080009460,38802,867,180632107
55680,24.1540012360,35763,4923,181076025
55808,23.1050014496,35776,702,181514261
55936,22.0270004272,35404,361,181958309
56064,22.7900009155,39805,467,182396573
56192,23.8930015564,37155,369,182834869
56320,23.8440017700,35587,422,183267505
56448,25.0430011749,40418,4695,183711550
56576,23.8740005493,36161,420,184149826
56704,27.9240016937,42478,5165,184588116
56832,23.5050010681,34067,443,185020746
56960,27.7460021973,40560,12462,185452068
57088,23.5930004120,35989,523,185884662
57216,23.6990013123,39162,2433,186317314
57344,24.8310012817,35759,1821,186751078
57472,25.8050003052,39155,414,187206229
57600,25.8070011139,36609,1809,187655806
57728,26.3900012970,39900,8359,188105303
57856,26.3500003815,42516,562,188549218
57984,26.3810005188,44713,2271,188998890
58112,27.6570014954,46789,3460,189442799
58240,24.5620002747,42063,3568,189886667
58368,25.6670017242,39858,2284,190324805
58496,23.3810005188,37311,549,190774367
58624,25.4760017395,37905,380,191218278
58752,26.2670021057,46129,974,191662144
58880,27.8060016632,52381,8868,192100422
59008,25.2390003204,43194,708,192544345
59136,24.0840015411,41835,631,192982587
59264,23.7850017548,41120,509,193420929
59392,24.1010017395,43772,634,193853253
59520,27.4570007324,44723,5967,194302951
59648,25.7480010986,42440,2496,194746826
59776,24.2170009613,46430,884,195190720
59904,26.0000019073,44174,2492,195628982
60032,24.8310012817,42927,1061,196073047
60160,24.5400009155,52297,787,196511329
60288,28.3200016022,39824,4280,196949579
60416,24.1450004578,41109,598,197382233
60544,24.4920005798,39930,1022,197826266
60672,25.8820018768,45825,872,198264574
60800,27.3820018768,47457,1456,198702819
60928,26.7350006104,40645,682,199135481
61056,25.1990013123,43545,472,199573899
61184,24.5840015411,40991,583,200006545
61312,24.1920013428,42647,463,200439156
61440,26.0959472656,41265,437,200865872
61568,25.9170017242,38202,465,201315455
61696,26.0120010376,37184,421,201759341
61824,25.7840003967,57150,799,202203259
61952,25.0400009155,39000,442,202641505
62080,26.7350006104,41598,733,203085579
62208,30.4110012054,44645,2741,203523844
62336,25.1260013580,41066,3224,203962066
62464,25.9450016022,40572,461,204394667
62592,26.7620010376,42094,599,204838622
62720,26.1710014343,39332,1073,205276937
62848,24.9480018616,41204,509,205715172
62976,29.4100017548,45558,11639,206147815
63104,26.5560016632,40856,2661,206579148
63232,27.3260021210,45686,1662,207011751
63360,27.4410018921,49722,4108,207444432
63488,26.7719726562,43248,517,207878227
63616,25.6010017395,43561,563,208322302
63744,28.8310012817,43818,1535,208760566
63872,27.0750007629,46479,1018,209198833
64000,31.2410011292,43032,1294,209631465
64128,27.4830017090,44515,2892,210069884
64256,26.3080005646,46166,804,210502511
64384,29.3620014191,45936,7279,210935197
64512,29.3520011902,42108,832,211362057
64640,31.4460010529,39210,543,211800474
64768,29.7630004883,45898,632,212233117
64896,27.5380020142,43916,5461,212665750
65024,27.5840015411,42355,2627,213092783
65152,27.6230010986,41083,5007,213525419
65280,29.3080005646,175772,3279,213952394
65408,28.1260013580,50398,1396,214379387
65536,29.2310009003,48057,1563,214799815
65664,30.6650009155,45183,967,215293671
65792,26.8580017090,43602,656,215781816
65920,26.7570018768,46623,886,216270012
66048,31.1510009766,51805,2958,216752602
66176,30.0490016937,48588,11702,217266639
66304,30.4840011597,56853,4398,217775047
66432,27.3130016327,43632,928,218283473
66560,32.8100013733,47958,720,218786253
66688,28.1420021057,58581,1266,219267390
66816,32.8870010376,44250,1009,219749991
66944,31.3000011444,54415,3161,220232520
67072,31.0270023346,56955,2478,220709706
67200,26.8120021820,45606,801,221192242
67328,28.4750022888,53562,2545,221669177
67456,30.9770011902,51339,3983,222146106
67584,31.8760013580,53196,2397,222617311
67712,31.1080017090,52912,3189,223105620
67840,34.8360023499,48055,8599,223588172
67968,28.7830009460,47193,2038,224070742
68096,30.6670017242,55458,1607,224547685
68224,30.2710018158,54804,4030,225030227
68352,27.2870006561,45612,554,225507158
68480,32.5430030823,54576,7125,225984062
68608,32.1160011292,49578,4556,226455418
68736,28.1610012054,50887,1095,226938110
68864,30.4570007324,53710,1523,227415025
68992,29.2439575195,58748,1349,227891909
69120,32.2530021667,61364,7314,228363226
69248,29.5900020599,47749,3590,228840161
69376,36.5750007629,46012,13542,229311461
69504,31.0500011444,49394,923,229782745
69632,28.6630020142,56430,695,230248141
69760,30.3890018463,64580,2061,230736562
69888,32.8129997253,54827,5994,231219128
70016,29.2820014954,47887,8437,231701685
70144,30.8920021057,47573,5053,232178612
70272,32.5720024109,57203,2238,232661196
70400,31.6420021057,49773,5324,233138131
70528,32.4710006714,47953,10639,233615048
70656,31.5290012360,47631,14518,234086346
70784,32.2180023193,51659,8023,234569035
70912,30.1970005035,47857,832,235045974
71040,32.2220001221,53923,1185,235522932
71168,33.7340011597,49470,3820,235994222
71296,38.3310012817,48336,1692,236471132
71424,30.4220008850,53538,1065,236942407
71552,30.7200012207,56093,4158,237413695
71680,33.8140029907,49259,7248,237879222
71808,32.0910034180,55784,3410,238362089
71936,29.3320007324,44245,848,238838791
72064,29.5580005646,50925,3109,239315715
72192,32.2460021973,88328,8156,239787024
72320,32.3630027771,53549,10788,240263959
72448,31.8090019226,48112,5649,240735259
72576,34.3490028381,60689,1222,241206511
72704,33.5770034790,60240,2873,241672195
72832,31.3880023956,62673,4174,242149151
72960,30.9690017700,63389,1253,242620430
73088,38.0560035706,54811,2477,243091695
73216,33.0620002747,57810,5707,243557366
73344,31.9520015717,58573,7361,244028654
73472,34.0690002441,77755,2698,244494318
73600,31.1950016022,56737,1255,244960019
73728,34.9620018005,51384,8983,245419751
73856,32.9560012817,72263,2009,245908135
73984,31.3190021515,54751,1123,246390706
74112,31.0089721680,53132,2813,246873280
74240,31.1380023956,57272,986,247350187
74368,31.8040008545,124093,888,247832751
74496,33.2560005188,60143,4395,248309731
74624,31.9910011292,53679,2295,248786609
74752,32.1949996948,48890,1801,249257900
74880,35.7420005798,84367,3182,249740630
75008,36.8889999390,69605,4608,250217550
75136,34.0160026550,57363,22348,250694462
75264,32.7709999084,66820,1505,251165769
75392,32.6949996948,54451,970,251642687
75520,34.1520004272,62179,3419,252114004
75648,35.4200019836,62311,3002,252585282
75776,33.9039306641,54924,2447,253050993
75904,38.8010025024,54068,18406,253533674
76032,32.1630020142,55295,1492,254010577
76160,32.7170028687,49222,997,254487551
76288,37.0180015564,56065,7590,254958834
76416,33.3460006714,55619,3907,255435724
76544,35.6240005493,56193,3721,255907077
76672,34.5410003662,62365,3143,256378362
76800,32.8750000000,55967,3221,256844027
76928,33.2000007629,59651,1125,257321062
77056,33.4370002747,59409,1527,257792398
77184,37.0680007935,56624,15526,258263675
77312,35.3570022583,69054,2962,258729332
77440,36.6689453125,57197,15598,259200631
77568,32.8370018005,56817,3351,259666281
77696,34.3370018005,51425,2313,260131984
77824,35.0790023804,52169,6516,260591704
77952,34.9820022583,62238,1023,261074392
78080,35.4660034180,54747,1360,261551355
78208,31.9670009613,50331,848,262028224
78336,35.3800010681,53749,11535,262499545
78464,34.0700035095,55596,1060,262976496
78592,34.9120025635,63024,716,263447821
78720,31.5390014648,50835,643,263919078
78848,35.3030014038,59708,2970,264384765
78976,34.8170013428,56316,2715,264861880
79104,33.0109252930,53797,638,265333126
79232,33.7890014648,57584,875,265804429
79360,33.9160003662,61788,794,266270108
79488,34.3780021667,56395,2681,266741372
79616,33.8950004578,58610,585,267207046
79744,32.8830032349,60777,790,267672716
79872,34.4550018311,59243,837,268132569
80000,35.0830001831,69608,3032,268609660
80128,33.9930000305,68291,1197,269080947
80256,37.0110015869,62895,4985,269552264
80384,37.4010009766,60755,4708,270017912
80512,36.7160034180,61610,1040,270489229
80640,36.9380035400,56013,20533,270954865
80768,37.4900016785,57626,7966,271420564
80896,32.7290000916,56528,696,271880558
81024,35.0510025024,60420,1394,272351973
81152,36.1270027161,59434,2643,272817659
81280,34.8450012207,65872,4961,273283316
81408,34.8870010376,53188,3313,273743335
81536,37.6620025635,62977,7988,274209021
81664,36.4640007019,66106,1828,274669038
81792,35.5910034180,56115,3692,275129094
81920,36.7610015869,54750,7722,275583057
82048,38.4550018311,56447,19614,276071563
82176,35.1310005188,56696,3030,276554082
82304,37.1640014648,61655,1941,277036616
82432,35.1549682617,54780,1251,277513544
82560,39.5040016174,56018,10097,277996137
82688,38.6890029907,87778,4221,278473029
82816,37.7210006714,66969,4740,278949980
82944,38.3020019531,59599,5221,279421277
83072,40.2860031128,76488,4850,279903990
83200,39.5910034180,80807,3793,280380924
83328,40.0150032043,85027,3564,280857831
83456,40.1960029602,96944,3809,281329122
83584,39.1540031433,62765,7845,281806063
83712,39.8420028687,58822,11185,282277356
83840,38.7910003662,57147,14143,282748633
83968,37.9540023804,54419,10293,283214161
84096,41.0070037842,66568,7191,283696875
84224,36.5590019226,56962,937,284173820
84352,35.4850006104,73515,805,284650722
84480,35.9590034485,60957,994,285122015
84608,38.4960021973,70698,3931,285599014
84736,37.3540000916,62771,1329,286070293
84864,38.3750000000,60142,1357,286541553
84992,38.6140022278,66676,12178,287007234
85120,38.2760009766,58364,1136,287484287
85248,39.9830017090,61254,4313,287955657
85376,38.6310005188,68910,1959,288426889
85504,41.5250015259,73213,14766,288892584
85632,38.4640007019,71181,2165,289363841
85760,37.5720024109,58888,1141,289829504
85888,40.4200019836,67163,10559,290295449
86016,42.2570037842,76987,3239,290755090
86144,39.9290008545,62507,1922,291237790
86272,37.3710021973,60532,843,291714723
86400,39.8690032959,63417,13801,292191637
86528,38.7770004272,57278,1242,292662944
86656,39.2320022583,62832,791,293139862
86784,41.4230003357,59273,1899,293611203
86912,39.8179321289,68929,14803,294082437
87040,38.1090011597,62578,4168,294548111
87168,39.4930000305,61555,2275,295025190
87296,39.4480018616,66165,11957,295496500
87424,39.4800033569,57281,1062,295967776
87552,39.4860000610,63767,2316,296433434
87680,41.8440017700,59758,13272,296904801
87808,40.9420013428,64555,2269,297370401
87936,40.6560020447,79035,2673,297836086
88064,40.2550010681,64211,9046,298295976
88192,39.4180030823,67315,4871,298773017
88320,40.9450035095,63280,1676,299244363
88448,38.3950004578,60644,1141,299715664
88576,41.5380020142,61444,7932,300181295
88704,38.8220024109,68778,1878,300652635
88832,38.4870033264,65077,1759,301118252
88960,39.8090019226,64622,2674,301583953
89088,38.3930015564,56636,770,302043964
89216,37.2000007629,61497,906,302515443
89344,40.3600006104,79848,875,302981054
89472,40.3060035706,67344,10643,303446792
89600,42.6430015564,80190,3111,303906756
89728,44.4670028687,70855,4895,304372415
89856,40.2929687500,69825,3369,304832475
89984,41.1160011292,81703,1297,305292489
90112,40.9770011902,57223,1469,305746566
90240,38.8990020752,53670,1055,306229096
90368,39.7170028687,57672,1312,306706010
90496,37.9720001221,55448,3373,307182974
90624,36.9380035400,54509,933,307654221
90752,42.5180015564,63753,3994,308131146
90880,42.2710037231,63290,14371,308602440
91008,42.8850021362,68943,8717,309073761
91136,42.3540039062,62720,1257,309539393
91264,41.0730018616,68206,2822,310016475
91392,42.0590019226,62974,9258,310487785
91520,38.8900032043,68842,1273,310959065
91648,40.9890022278,66550,3392,311424722
91776,41.3510017395,69427,3973,311896031
91904,41.2350006104,74159,1307,312361708
92032,43.6770019531,63307,8699,312827361
92160,40.4660034180,60753,882,313287269
92288,42.7910003662,71367,13979,313764349
92416,44.9600028992,101436,2129,314235635
92544,49.2190017700,72097,19404,314706935
92672,40.3150024414,69498,2219,315172550
92800,44.2630004883,67809,1880,315643962
92928,44.8200035095,67667,12631,316109576
93056,42.4660034180,78857,3343,316575269
93184,44.6070022583,76421,13848,317035267
93312,45.3180007935,78379,1532,317506690
93440,42.0290031433,64120,2799,317972403
93568,43.2610015869,68952,2818,318437974
93696,43.1480026245,102581,4610,318898012
93824,46.1070022583,77040,11240,319363753
93952,41.6990013123,71943,2065,319823742
94080,41.5339355469,78360,2893,320283800
94208,41.2100028992,68512,2842,320737884
94336,44.8950004578,66361,5904,321215010
94464,43.1840019226,65541,14252,321686266
94592,44.9890022278,98492,7384,322157542
94720,44.2930030823,68993,4710,322623251
94848,45.2580032349,75480,2159,323094592
94976,43.9120025635,63810,6057,323560175
95104,42.5910034180,71451,1680,324025822
95232,42.5170021057,64570,1043,324485887
95360,44.3910026550,83680,2422,324957317
95488,42.0489501953,82409,2381,325422953
95616,44.4320030212,80233,1900,325887757
95744,47.0940017700,97018,4316,326346874
95872,48.9400024414,87420,4221,326812579
96000,47.3340034485,77685,8945,327272571
96128,44.6570014954,82995,6639,327732628
96256,43.5750007629,75610,1238,328186902
96384,44.4180030823,78574,5196,328658315
96512,50.8160018921,100055,5358,329123986
96640,45.7710037231,93416,7521,329589672
96768,46.1039428711,78107,4402,330049653
96896,50.6050033569,91843,4519,330515343
97024,48.7170028687,111011,3986,330975364
97152,50.3350028992,97658,4381,331435395
97280,47.2890014648,82796,12494,331889785
97408,44.3300018311,90524,6242,332355585
97536,40.4850006104,71655,1007,332815669
97664,40.7870025635,73241,1426,333275678
97792,41.4370002747,74574,1482,333730066
97920,49.5990028381,67420,2439,334190143
98048,46.3249511719,103860,4943,334644534
98176,44.1870002747,80743,7033,335098874
98304,51.3400039673,78770,1923,335547121
98432,45.9010009766,81186,2948,336035295
98560,44.1920013428,102369,7834,336517814
98688,41.2090034485,67106,1597,337000398
98816,41.2250022888,63202,1088,337477377
98944,46.1930007935,69111,11753,337959909
99072,45.7540016174,67258,3861,338436864
99200,43.9360008240,73876,4441,338913799
99328,43.4500007629,82976,2366,339385070
99456,44.5099487305,82470,2117,339867657
99584,45.2480010986,77082,3130,340344549
99712,44.7340011597,74203,3496,340821851
99840,44.6250038147,82381,6216,341293510
99968,47.0360031128,84480,3134,341770455
100096,47.8010025024,263675,2484,342241719
100224,46.1450004578,77877,2468,342713086
100352,49.9460029602,69564,19356,343178625
100480,46.9800033569,85264,4756,343661283
100608,48.4380035400,71867,2642,344138239
100736,55.7119750977,108899,7067,344615277
100864,46.9030036926,123541,6748,345086424
100992,52.5060043335,107488,4136,345563382
101120,48.8710021973,111486,4694,346034669
101248,49.3690032959,84286,11534,346505995
101376,47.5660018921,73244,7192,346971634
101504,49.8500022888,88959,7996,347448698
101632,47.8280029297,80199,3095,347919989
101760,47.0890007019,87177,2979,348391258
101888,47.5090026855,87018,6328,348856933
102016,46.9470024109,96792,4964,349328226
102144,49.9590034485,74279,14695,349793875
102272,46.7390022278,72538,5234,350259568
102400,57.2100028992,78063,15506,350719539
102528,48.1990013123,70061,9215,351202189
102656,45.1090011597,70206,5079,351679113
102784,44.9970016479,68958,11522,352156021
102912,49.2100028992,70336,13118,352627350
103040,46.1920013428,74049,12141,353104225
103168,48.3240013123,67224,1988,353575593
103296,44.0489501953,67416,1209,354046953
103424,43.5430030823,68238,1542,354512527
103552,47.3950004578,75230,10207,354989602
103680,51.4520034790,71618,13804,355460834
103808,46.9950027466,67611,3572,355932151
103936,44.0980033875,69235,1739,356397814
104064,47.7450027466,70672,5802,356869125
104192,46.6130027771,71739,6317,357334790
104320,54.4650039673,75013,27746,357800468
104448,46.2640037537,88860,2011,358260372
104576,46.5479736328,69378,5257,358737416
104704,46.0720024109,70464,2610,359208698
104832,48.4520034790,84427,8750,359680021
104960,53.6010017395,76470,4417,360145680
105088,45.9420013428,72891,1775,360616940
105216,46.3920021057,78264,5838,361082654
105344,47.8160018921,73686,16329,361548292
105472,52.0180015564,82252,23089,362008302
105600,49.1730041504,72726,12349,362479765
105728,49.0240020752,79266,4023,362945408
105856,58.3669433594,82176,15392,363411096
105984,48.5580024719,85751,6555,363871138
106112,54.9780044556,89010,6282,364336783
106240,45.0880012512,73512,2306,364796834
106368,48.5850028992,76380,1949,365256828
106496,49.2950019836,72961,4095,365710833
106624,48.7710037231,73481,6253,366193706
106752,49.0280036926,79399,4424,366670634
106880,52.6750030518,96682,15035,367147590
107008,51.8890037537,103678,6366,367618837
107136,55.1300010681,83389,32131,368095755
107264,52.9280014038,90119,3290,368567102
107392,49.9960021973,72347,20558,369038388
107520,50.8490028381,74231,1933,369504054
107648,53.7380027771,90621,5523,369981155
107776,47.5200004578,77250,2674,370452421
107904,47.9420013428,77389,2362,370923689
108032,49.0100021362,82544,4355,371389380
108160,46.1020011902,77392,2206,371860656
108288,48.0700035095,75951,2218,372326352
108416,45.9130020142,71966,2036,372792011
108544,48.2740020752,92875,2892,373251880
108672,51.0480041504,86010,2659,373728936
108800,48.3300018311,94196,5103,374200273
108928,46.9210014343,86511,1973,374671575
109056,51.9190025330,78501,22752,375137213
109184,49.5770034790,77397,16187,375608541
109312,55.7240028381,80719,5857,376074211
109440,47.9500007629,76547,1656,376539889
109568,50.4739379883,81753,2843,376999891
109696,46.8660011292,80104,4009,377471156
109824,51.1240005493,87009,9258,377936832
109952,49.5110015869,79733,3771,378402535
110080,56.5220031738,89405,10834,378862622
110208,56.5340042114,89563,1858,379328185
110336,56.2170028687,92341,4524,379788268
110464,54.2660026550,94091,10033,380248250
110592,49.1740036011,71550,7043,380702382
110720,53.9810028076,83238,20560,381179479
110848,54.2510032654,80454,13636,381650818
110976,50.0890007019,78734,5782,382122077
111104,51.0840034485,76519,2689,382587736
111232,53.4800033569,90506,6236,383059052
111360,50.0210037231,92798,2554,383524693
111488,47.5390014648,80210,1759,383990363
111616,52.1810035706,109463,3374,384450380
111744,55.7320022583,85159,5737,384921820
111872,52.8840026855,83204,19443,385387485
112000,52.5110015869,83708,7149,385853128
112128,52.6250038147,103775,4598,386313153
112256,52.5020027161,88146,5157,386778860
112384,54.1130027771,83787,24557,387238848
112512,55.0140037537,84547,16837,387698873
112640,55.4750022888,93556,16356,388153272
112768,53.4040031433,96441,4290,388624726
112896,51.1280021667,101924,7782,389090432
113024,54.8670043945,104771,5094,389556100
113152,51.0979614258,82744,2631,390016135
113280,53.6800041199,103035,4545,390481751
113408,50.2980041504,100253,2655,390941783
113536,52.5040016174,87810,5889,391401828
113664,52.8950042725,88387,11633,391856275
113792,52.0360031128,85323,10081,392315073
113920,52.3050041199,86777,7997,392774986
114048,54.3220024109,81028,7959,393235037
114176,52.3930015564,103196,3921,393689369
114304,52.4850006104,91240,2833,394149418
114432,55.2450027466,92458,3246,394603864
114560,51.5440025330,101152,4288,395058208
114688,52.0240020752,86555,2573,395513724
114816,50.5620040894,75938,5032,395996232
114944,56.2790031433,79919,21069,396473189
115072,54.7500038147,87797,12883,396950117
115200,54.2900009155,85686,16708,397421445
115328,50.9080009460,85538,2763,397898322
115456,52.1320037842,94690,5768,398369649
115584,52.9870033264,95798,2730,398840947
115712,58.2470016479,99737,21938,399306603
115840,52.3780021667,97246,5379,399783734
115968,56.7420043945,85676,19057,400254983
116096,56.0330009460,97361,5302,400726373
116224,55.2640037537,94953,3085,401191964
116352,54.8000030518,94553,4085,401663218
116480,55.6320037842,80358,22704,402128974
116608,53.7000007629,81069,5541,402594526
116736,51.4950027466,92699,3254,403054416
116864,54.2250022888,83363,5827,403531395
116992,53.6470031738,92649,4510,404002647
117120,53.7100028992,89747,5403,404473965
117248,53.5260009766,85659,5124,404939616
117376,54.0780029297,94322,4399,405410947
117504,53.5300025940,99055,9163,405876605
117632,53.5670013428,94417,4353,406342220
117760,59.5090026855,97024,3728,406802282
117888,55.7499389648,111007,5477,407273577
118016,58.6330032349,83834,10913,407739247
118144,55.4850044250,88040,10525,408204977
118272,56.4060020447,102618,11113,408665025
118400,52.9810028076,102398,4670,409130615
118528,52.4300041199,103610,2933,409590631
118656,54.0670013428,110205,7336,410050651
118784,53.9150009155,88174,18593,410504779
118912,55.1550025940,103961,9727,410981863
119040,60.9589843750,100933,6590,411453202
119168,55.6750030518,114332,9051,411924512
119296,60.8370018005,88507,11359,412390157
119424,57.6010017395,96121,20215,412861439
119552,55.1820030212,112478,4263,413327110
119680,58.1150016785,99389,12063,413792766
119808,54.7350044250,93866,8321,414252772
119936,57.6220016479,109178,5308,414724250
120064,56.3870010376,109530,9938,415189911
120192,53.5080032349,110753,4729,415655533
120320,54.4160041809,91795,6016,416115563
120448,54.9370040894,89140,3907,416581248
120576,54.8950042725,92663,3388,417041267
120704,55.8580017090,94426,13318,417501295
120832,55.6790008545,82738,11768,417955767
120960,59.3170013428,99873,15044,418427158
121088,57.4730033875,86892,4337,418892847
121216,57.7410011292,106471,4837,419358560
121344,55.6940040588,96709,3898,419818482
121472,56.3480033875,93072,14395,420284177
121600,55.8200035095,93496,14735,420744184
121728,58.0170021057,111477,5186,421204289
121856,56.9210014343,82238,18701,421658633
121984,57.4070014954,86521,4801,422124442
122112,58.5480041504,96748,9574,422584482
122240,55.1460037231,93005,2640,423044533
122368,58.2149658203,90470,14585,423498910
122496,55.8150024414,88870,9553,423958960
122624,58.0560035706,87200,11481,424413361
122752,58.6030044556,89371,7777,424867732
122880,62.9900016785,103025,5134,425316238
123008,58.4240036011,90819,4566,425793148
123136,59.1820030212,87439,17353,426264492
123264,56.2260017395,83385,4781,426735776
123392,55.6690025330,96654,2972,427201473
123520,55.2459716797,100201,4094,427672772
123648,59.9170036316,88384,9599,428138398
123776,56.6250038147,86195,18381,428604078
123904,56.1030044556,107755,8099,429064068
124032,62.2070045471,87083,16969,429535563
124160,57.8420028687,88429,12722,430001219
124288,56.2970008850,96071,10014,430466832
124416,56.3750038147,98363,5666,430926881
124544,56.2610015869,94354,6389,431392559
124672,59.4540023804,101856,7687,431852603
124800,55.2000007629,102396,4702,432312593
124928,55.2230033875,89497,2583,432766864
125056,63.7300033569,96555,5348,433238320
125184,55.4010009766,101290,5044,433703942
125312,58.5870018005,100905,14292,434169632
125440,54.9530029297,98815,4635,434629663
125568,63.4770011902,98403,12889,435095365
125696,57.5429687500,91503,17596,435555344
125824,56.4800033569,107826,3499,436015383
125952,57.8380012512,108264,5406,436469872
126080,58.1570014954,106451,3403,436928572
126208,60.8050041199,101976,18831,437388570
126336,58.7990036011,109793,5025,437848628
126464,56.2910041809,110734,3352,438302951
126592,60.8170013428,96563,19051,438763068
126720,58.3450012207,104116,4320,439217380
126848,59.6320037842,121833,11803,439671871
126976,55.5910034180,89079,10614,440127448
127104,57.4110031128,125288,11698,440598844
127232,57.7110023499,97628,5198,441064465
127360,57.4430046082,104393,3634,441530131
127488,58.6830024719,89348,19264,441990177
127616,66.6230010986,281493,22554,442455827
127744,58.9530029297,102908,13638,442915882
127872,62.7599487305,95225,11628,443375998
128000,64.0110015869,117680,8318,443830315
